overall_qual,gr_liv_area,exter_qual,kitchen_qual,total_bsmt_sf,garage_area,garage_cars,1st_flr_sf,bsmt_qual,year_built,garage_finish,garage_yr_blt,year_remod/add,fireplace_qu,full_bath,foundation_PConc,mas_vnr_area,totrms_abvgrd
6,1928,3,2,1020,440,1,908,2,1910,1,1910.0,1950,0,2,0,0.0,9
5,1967,3,3,1967,580,2,1967,4,1977,3,1977.0,1977,0,2,0,0.0,10
7,1496,4,4,654,426,2,664,4,2006,2,2006.0,2006,4,2,1,0.0,7
5,968,4,3,968,480,2,968,3,1923,1,1935.0,2006,0,1,0,0.0,5
6,1394,3,3,1394,514,2,1394,4,1963,2,1963.0,1963,4,1,0,247.0,6
4,1092,3,3,546,286,1,546,3,1972,1,1972.0,1972,0,1,0,0.0,5
4,1093,3,3,869,308,1,1093,3,1958,1,1959.0,2006,0,1,0,0.0,5
5,1268,3,4,1268,252,1,1268,4,1977,1,1978.0,1989,0,1,0,0.0,5
7,1680,4,4,840,588,2,840,4,2004,2,2004.0,2004,0,2,1,0.0,3
6,1279,3,3,1196,473,2,1279,3,1977,1,1980.0,1977,2,2,0,0.0,6
6,1217,4,4,1217,484,2,1217,4,1991,2,1991.0,1991,0,2,1,0.0,5
6,1040,3,3,1040,320,2,1040,3,1925,1,1993.0,1992,0,1,0,0.0,5
6,1375,3,3,1367,451,2,1375,3,1954,1,1954.0,1954,3,1,0,0.0,5
7,2787,3,3,1168,820,4,1168,5,2000,3,2000.0,2000,3,4,1,23.0,8
6,1827,3,3,848,240,1,1017,3,1924,1,1943.0,1996,4,1,0,0.0,9
5,1340,3,3,0,252,1,1340,0,1957,2,1957.0,2006,4,1,1,98.0,7
6,1436,3,3,884,828,2,884,3,1940,1,1940.0,1950,4,2,0,0.0,8
5,1073,3,3,1073,340,1,1073,3,1956,1,1956.0,1956,0,1,0,0.0,5
6,1773,3,3,1313,418,2,1773,3,1961,2,1961.0,1992,3,2,0,104.0,6
8,1742,4,4,916,424,2,916,3,1882,1,1925.0,1986,4,1,0,0.0,8
5,1060,3,4,1060,270,1,1060,3,1968,1,1968.0,2001,3,1,0,0.0,6
5,864,3,3,864,732,2,864,3,1961,1,1982.0,1961,0,1,0,0.0,5
6,1617,4,4,1604,533,2,1617,4,1993,2,1993.0,1994,2,2,1,0.0,5
6,988,3,3,938,540,2,988,3,1969,1,1969.0,1969,3,1,0,0.0,4
7,1218,4,4,1218,576,2,1218,4,2007,2,2007.0,2007,0,1,1,0.0,6
5,864,3,3,864,352,1,864,3,1972,1,1989.0,1972,0,1,0,0.0,5
4,1738,3,3,715,368,1,1281,3,1920,1,1920.0,2007,4,2,0,0.0,7
5,1750,3,5,636,240,1,1089,2,1880,1,1937.0,1991,0,1,0,0.0,8
6,1054,3,4,936,480,2,1054,3,1963,2,1963.0,1963,0,1,1,156.0,6
3,670,3,2,370,0,0,442,3,1945,0,1945.0,1950,0,1,0,0.0,4
4,858,3,3,858,684,1,858,3,1971,1,1979.0,1971,0,1,0,0.0,4
4,1208,3,3,780,539,2,848,3,1925,1,1962.0,1950,0,1,0,0.0,5
7,2640,4,4,1240,864,4,1320,3,1880,1,1950.0,2003,4,1,0,0.0,8
5,1178,3,4,1176,439,2,1178,4,1973,1,1973.0,2000,2,1,0,0.0,5
7,1492,4,4,1492,608,2,1492,4,2001,2,2001.0,2001,3,2,1,180.0,6
7,1458,3,4,608,454,2,608,4,2006,3,2007.0,2007,0,2,1,44.0,6
4,1657,3,2,1147,162,1,1147,3,1920,1,1920.0,1980,3,1,1,0.0,9
4,998,2,3,0,460,2,998,0,1945,1,1952.0,1950,0,1,0,0.0,5
5,910,4,4,105,414,2,910,3,1953,1,1953.0,1996,0,1,0,0.0,5
7,1358,4,4,1339,625,2,1358,4,1999,1,1999.0,2000,0,2,1,0.0,5
6,1224,4,4,612,528,2,612,4,2009,2,2009.0,2009,0,2,1,76.0,4
7,1886,4,4,930,431,2,956,4,1998,3,1998.0,1999,3,2,1,0.0,10
5,1327,3,4,1063,624,2,1327,3,1959,1,1974.0,2002,0,1,0,0.0,7
5,1363,4,3,1008,288,1,1363,3,1951,1,1951.0,2000,3,1,0,70.0,6
7,1501,4,4,1501,512,2,1501,4,1987,3,1987.0,1987,3,2,0,352.0,5
4,1344,3,3,546,0,0,798,3,1970,0,1970.0,2008,3,1,0,0.0,6
7,1786,4,4,920,608,2,920,4,2001,2,2001.0,2002,3,2,1,162.0,6
5,965,3,3,828,300,1,965,3,1965,1,1979.0,1965,0,1,0,0.0,6
5,936,3,3,936,308,1,936,3,1956,3,1956.0,2000,0,1,0,0.0,4
5,1040,3,3,1040,308,1,1040,3,1963,3,1963.0,1963,0,1,0,0.0,5
5,1248,3,3,912,160,1,912,3,1930,1,1957.0,1950,0,1,0,0.0,6
8,2268,4,4,346,624,2,1157,2,1890,1,2003.0,2002,0,3,0,0.0,7
8,1615,4,4,1615,864,3,1615,4,2007,2,2007.0,2007,4,2,1,156.0,7
5,1360,3,4,803,297,1,803,3,1938,1,1951.0,1995,0,1,0,0.0,6
5,1142,3,3,468,320,1,822,3,1924,3,1924.0,1950,0,1,0,444.0,6
6,1026,3,4,1026,440,2,1026,3,1969,2,1969.0,2005,0,1,0,0.0,5
7,1820,3,3,1026,240,1,1133,3,1925,1,1925.0,1950,0,2,1,0.0,8
5,1344,3,3,1024,484,1,1344,3,1958,1,1970.0,1983,3,1,0,0.0,6
7,1193,3,3,1176,506,2,1193,3,1975,1,1975.0,1975,3,2,0,0.0,5
7,1865,4,4,992,839,3,992,4,2000,2,2000.0,2000,3,2,1,0.0,7
8,2006,4,4,1982,938,3,2006,4,1998,3,1998.0,1998,3,2,1,495.0,5
5,1140,3,3,1300,400,2,1140,3,1920,1,1920.0,1950,0,1,1,0.0,6
5,1176,3,3,1158,303,1,1176,3,1958,1,1958.0,1998,4,1,0,340.0,6
7,1670,3,3,825,464,2,845,4,1971,3,1971.0,1971,0,1,0,0.0,7
6,1603,4,4,761,484,2,810,4,1992,2,1992.0,1992,0,2,1,0.0,7
8,2063,4,4,2024,815,3,2063,4,1994,3,1994.0,1995,4,2,1,634.0,7
4,858,3,3,858,0,0,858,3,1971,0,1971.0,1971,0,1,0,0.0,5
6,1302,4,4,1302,631,2,1302,4,2005,2,2005.0,2006,4,1,1,182.0,5
3,774,3,4,544,0,0,774,3,1931,0,1931.0,2006,0,1,0,0.0,6
6,848,4,4,848,420,2,848,4,2004,2,2004.0,2004,3,1,1,147.0,3
4,747,3,3,600,528,2,747,2,1926,1,1953.0,1953,0,1,1,108.0,5
8,2520,4,5,1508,640,3,1508,5,2007,3,2007.0,2007,4,2,1,20.0,10
6,1560,3,3,1560,580,2,1560,3,1960,2,1960.0,1960,3,1,0,423.0,6
7,1472,4,4,384,402,2,802,4,1991,2,1991.0,1992,3,2,1,76.0,7
5,1050,3,3,1043,336,1,1050,4,1971,1,1971.0,1971,0,1,0,178.0,6
6,1724,3,3,1680,480,2,1724,4,1967,2,1967.0,1976,4,1,0,359.0,7
5,1771,3,3,0,336,2,1771,0,1960,1,1960.0,2006,3,1,0,75.0,9
6,1207,3,3,1135,264,1,1207,3,1962,2,1962.0,1985,0,1,0,161.0,6
5,882,3,3,0,294,1,882,0,1959,2,1959.0,1959,0,1,0,0.0,5
9,1780,5,5,1780,816,3,1780,5,2004,3,2004.0,2005,4,2,1,674.0,7
7,1459,4,4,1459,527,2,1459,4,2002,2,2002.0,2002,4,2,1,100.0,6
6,1107,3,3,629,625,1,727,3,1921,1,1950.0,1975,0,1,0,0.0,5
5,1358,3,4,687,336,1,687,3,1930,1,2004.0,2005,4,1,0,0.0,6
4,1436,3,3,676,528,2,760,4,1910,1,1950.0,2000,0,2,0,0.0,6
6,1688,3,4,616,603,2,616,4,1997,2,1997.0,1997,0,2,1,0.0,8
8,2042,5,5,2042,1390,3,2042,5,2008,2,2009.0,2009,4,2,1,306.0,8
5,876,3,3,876,484,2,876,3,1972,1,1977.0,1972,0,1,0,0.0,5
6,1320,3,3,1232,495,2,1320,4,1971,2,1971.0,1971,4,2,0,509.0,5
8,1707,4,3,1686,511,2,1707,4,1981,2,1981.0,1981,3,2,0,653.0,6
6,1495,3,3,864,576,2,1064,3,1948,1,1994.0,1994,0,1,0,0.0,6
5,999,3,4,999,264,1,999,3,1962,1,1963.0,2001,0,1,0,0.0,6
4,1346,3,3,560,384,1,796,2,1910,1,1950.0,2000,0,1,0,0.0,6
6,1251,3,2,827,240,1,827,4,1938,1,1938.0,2000,0,1,1,0.0,6
8,1228,4,4,1228,472,2,1228,4,1988,3,1988.0,1989,4,2,1,0.0,5
5,1274,3,3,728,224,1,728,3,1939,1,1939.0,1998,0,2,0,0.0,6
6,1642,3,3,728,374,1,914,3,1927,1,1927.0,1950,4,1,0,0.0,9
5,1509,3,4,1509,322,1,1509,3,1956,1,1956.0,1956,3,1,0,0.0,6
8,1554,4,4,1554,627,2,1554,4,2006,2,2006.0,2006,4,2,1,108.0,6
6,1677,4,4,827,627,2,827,4,2001,2,2001.0,2001,0,2,1,0.0,7
8,1665,4,4,810,528,2,810,4,2001,3,2001.0,2001,0,2,1,0.0,6
8,1694,5,5,1694,642,2,1694,4,1977,3,1977.0,2008,4,2,0,450.0,5
6,1790,3,3,998,540,2,1790,3,1957,3,1957.0,1957,4,2,0,360.0,6
5,923,3,3,876,264,1,923,3,1984,1,1984.0,1985,0,1,0,0.0,5
10,2470,5,5,2535,789,3,2470,5,2003,3,2003.0,2003,4,1,1,680.0,7
6,1244,3,3,1244,336,1,1244,3,1957,1,1957.0,1957,4,1,0,0.0,6
5,866,3,4,686,0,0,866,3,1945,0,1945.0,1997,0,1,0,0.0,4
6,1501,3,4,697,420,2,697,4,1993,3,1993.0,1994,3,2,1,112.0,6
6,1891,3,3,1224,678,2,1287,4,1978,2,1978.0,1978,3,3,1,0.0,7
6,1921,3,3,1921,576,2,1921,3,1964,1,1964.0,1964,0,2,0,0.0,8
4,1832,2,3,1832,0,0,1832,3,1967,0,1967.0,1967,0,2,0,72.0,8
6,1434,3,3,1434,528,2,1434,3,1974,2,1974.0,1974,4,2,0,440.0,7
8,1874,4,4,1058,588,2,1058,4,2000,3,2000.0,2001,3,2,1,0.0,7
4,1382,3,3,0,384,1,1382,0,1949,2,1957.0,2002,3,2,0,0.0,6
5,1140,3,3,1140,0,0,1140,4,2006,0,2006.0,2006,0,1,1,0.0,6
7,1494,4,4,1482,514,2,1494,4,1998,2,1998.0,1998,2,2,1,0.0,5
10,3627,4,4,1930,807,3,1831,5,1995,3,1995.0,1996,3,3,1,1378.0,10
5,1812,3,4,360,672,2,1032,4,1900,1,1999.0,1996,1,2,0,0.0,8
5,1302,3,3,630,440,2,630,3,1970,1,1970.0,1970,0,2,0,304.0,6
9,1720,5,5,1720,846,3,1720,5,2008,2,2008.0,2008,4,2,1,364.0,8
6,1604,3,4,926,470,2,926,3,1998,3,1998.0,1998,4,2,1,20.0,7
10,1966,5,5,1966,1092,3,1966,5,2007,3,2007.0,2007,4,2,1,754.0,6
8,1970,4,5,1085,753,3,1120,4,2006,3,2006.0,2006,4,2,1,788.0,8
9,1714,4,4,1714,517,2,1714,5,2005,3,2005.0,2005,4,2,1,230.0,7
6,1470,3,3,794,388,2,794,4,1997,3,1997.0,1997,0,2,1,0.0,6
4,2230,4,3,795,440,1,954,3,1912,1,1997.0,1950,0,1,1,0.0,10
9,2331,4,5,1414,1003,3,1414,5,2005,3,2005.0,2005,4,2,1,368.0,9
5,864,3,3,864,288,1,864,3,1972,2,1972.0,1972,0,1,0,0.0,5
5,1008,3,4,1008,240,1,1008,3,1953,1,1953.0,2006,0,1,0,0.0,6
5,1216,3,3,565,355,1,565,3,1920,2,1920.0,1997,4,1,0,0.0,6
9,1530,4,4,1530,984,3,1530,4,2007,2,2008.0,2008,4,2,1,120.0,7
5,1025,3,3,1015,370,2,1025,4,1976,1,1979.0,1976,2,2,0,113.0,6
6,1638,3,3,943,472,2,943,4,1998,3,1998.0,1998,3,2,1,0.0,7
5,1440,3,3,720,480,2,720,3,1968,1,1968.0,1968,3,1,0,0.0,7
6,1128,3,4,1080,315,1,1128,3,1966,1,1966.0,2008,4,1,0,216.0,5
6,1549,3,3,744,440,2,757,4,1999,1,1999.0,1999,0,2,1,216.0,6
7,2133,4,3,1528,312,1,1225,4,1941,1,1941.0,1985,3,1,0,371.0,8
7,1369,4,4,1369,605,2,1369,4,2007,1,2007.0,2007,0,2,1,0.0,5
7,1114,4,4,1114,576,2,1114,4,2004,1,2005.0,2005,0,1,1,0.0,6
6,1302,4,4,1302,631,2,1302,4,2005,2,2005.0,2006,4,1,1,182.0,5
5,816,3,3,816,264,1,816,4,1983,3,1983.0,1983,0,1,0,0.0,4
6,1381,3,4,1161,676,2,1381,3,1972,2,1972.0,2006,3,1,0,0.0,5
5,1078,3,4,1078,240,1,1078,3,1950,1,1950.0,1996,0,1,0,0.0,5
6,1469,3,3,756,216,1,756,3,1906,1,1906.0,1995,0,1,0,0.0,7
6,1474,3,3,1632,495,2,1474,3,1952,1,1952.0,1952,4,1,0,0.0,7
5,1137,3,3,0,0,0,929,0,1947,0,1947.0,1993,0,1,0,0.0,8
5,1960,3,3,960,400,2,960,3,1952,1,1952.0,1952,0,2,0,360.0,10
6,1768,3,3,1048,576,2,1048,3,1915,1,1930.0,1950,0,2,1,0.0,8
6,1392,3,3,689,299,1,689,4,1977,3,1977.0,1977,0,1,0,153.0,6
4,864,3,2,592,216,1,432,2,1920,1,1920.0,1950,0,1,0,0.0,5
7,1740,4,4,1740,540,2,1740,4,1981,2,1981.0,1981,0,1,0,0.0,7
7,1720,4,4,860,565,2,860,4,2004,2,2004.0,2004,0,2,1,0.0,7
6,1626,3,4,988,332,1,988,3,1954,1,1954.0,1954,0,1,0,0.0,6
6,1198,3,3,901,0,0,1088,3,1920,0,1920.0,1998,0,1,0,0.0,7
5,900,3,3,864,288,1,900,3,1967,2,1967.0,1967,1,1,0,0.0,6
5,792,4,4,768,240,1,792,3,1924,1,1924.0,2006,0,1,0,0.0,5
5,1098,3,3,1098,260,1,1098,3,1955,1,1955.0,1955,0,1,0,151.0,6
4,1092,3,3,546,0,0,546,3,1970,0,1970.0,1970,0,1,0,0.0,5
6,936,3,4,936,315,1,936,3,1957,2,1957.0,1999,0,1,0,0.0,4
7,2127,4,4,1104,833,3,912,5,1991,2,1991.0,1991,3,2,1,0.0,8
8,2263,4,4,1055,905,2,1055,4,2001,3,2001.0,2002,3,2,1,396.0,7
6,1493,3,4,1478,508,2,1493,4,1997,3,1997.0,1998,3,2,1,215.0,7
5,1200,3,3,768,240,1,768,3,1946,1,1946.0,1995,0,1,0,0.0,6
5,1056,3,3,1056,260,1,1056,3,1954,1,1954.0,2005,0,1,0,0.0,6
10,2674,5,5,2630,762,3,2674,5,2007,3,2007.0,2007,4,2,1,472.0,8
9,1456,5,5,1451,539,2,1456,5,2008,2,2008.0,2008,4,2,1,500.0,6
8,1563,3,4,1563,758,3,1563,4,2007,2,2007.0,2007,4,2,1,468.0,6
6,1114,3,4,1114,576,2,1114,4,2003,1,2004.0,2004,0,1,1,0.0,6
7,1145,4,4,1145,437,2,1145,4,2006,3,2006.0,2006,0,2,1,14.0,6
7,2318,4,4,960,541,2,960,4,2005,3,2005.0,2006,5,2,1,0.0,8
7,1445,4,4,1445,470,2,1445,4,2004,1,2004.0,2004,0,2,1,50.0,6
10,4476,4,5,2396,813,3,2411,5,1996,3,1996.0,1996,3,3,1,0.0,10
5,990,3,3,990,480,2,990,4,1994,1,2000.0,1995,0,1,1,0.0,5
5,1560,3,3,1776,528,2,1560,3,1962,3,1962.0,1962,2,2,0,96.0,6
7,1223,4,4,600,480,2,520,4,2005,2,2005.0,2005,0,2,1,0.0,4
7,1895,4,4,712,409,2,1086,4,1994,3,1994.0,1996,3,2,1,0.0,7
6,1734,3,4,912,440,2,1085,3,1962,2,1962.0,1981,4,1,0,0.0,7
5,691,3,5,691,216,1,691,2,1920,1,1920.0,1950,0,1,0,0.0,4
5,1949,3,3,1949,586,2,1949,3,1977,2,1977.0,1977,0,2,0,99.0,10
4,1092,3,3,546,286,1,546,3,1970,1,1970.0,1970,0,1,0,0.0,6
5,1242,3,3,1242,324,1,1242,3,1960,2,1960.0,1960,0,1,0,0.0,6
5,1666,3,3,894,0,0,894,3,1931,0,1931.0,1950,4,1,1,0.0,7
7,1978,3,3,832,486,2,1098,3,1968,2,1968.0,1968,4,2,0,342.0,9
7,2167,4,4,1192,518,2,1516,3,1974,2,1974.0,2003,4,2,0,0.0,9
7,1492,4,4,738,440,2,738,4,2006,3,2006.0,2006,0,2,1,0.0,8
6,1350,3,3,1064,478,2,1350,4,1974,2,1974.0,1974,3,2,0,174.0,7
6,1258,3,3,560,280,1,698,3,1939,1,1939.0,1950,0,1,0,0.0,6
7,1489,4,4,782,400,2,806,4,2003,3,2003.0,2003,4,2,1,0.0,8
7,2068,3,4,1108,315,1,1160,4,1922,1,1928.0,2005,4,1,0,0.0,8
5,980,3,3,980,400,2,980,3,1962,1,1969.0,1962,0,1,0,0.0,5
3,944,3,2,0,528,2,944,0,1952,1,1956.0,1952,0,1,0,0.0,4
7,1664,3,3,832,528,2,832,4,1976,2,1976.0,1976,3,2,1,0.0,8
5,945,3,3,945,253,1,945,4,1973,2,1973.0,1973,1,1,0,0.0,5
6,838,3,2,816,275,1,838,3,1918,3,1961.0,2000,0,1,0,0.0,5
5,864,3,3,864,276,1,864,4,1963,1,1963.0,1963,0,1,0,0.0,5
6,1484,4,4,783,393,2,783,4,2005,3,2005.0,2007,4,2,1,0.0,8
6,912,3,3,888,470,2,912,4,1978,2,1978.0,1978,3,1,0,0.0,5
8,1874,4,4,955,880,3,955,4,2007,3,2007.0,2008,4,2,1,310.0,8
5,1465,3,3,992,240,1,992,3,1939,1,1939.0,1950,3,2,0,0.0,6
5,1601,3,3,533,300,1,1021,3,1958,2,1958.0,1987,0,1,0,0.0,6
5,1145,3,3,301,684,2,1145,4,1956,1,1993.0,1956,0,1,0,0.0,6
8,2475,4,4,1629,962,3,1645,5,1998,3,1998.0,1998,3,2,1,114.0,7
7,2104,3,3,1226,432,2,1226,3,1910,1,1910.0,2005,0,2,0,0.0,9
6,934,3,3,912,336,1,934,3,1964,1,1964.0,1964,0,1,0,0.0,4
6,1710,4,4,832,506,2,832,4,1993,2,1993.0,1993,0,2,1,120.0,7
6,1427,3,4,483,379,1,741,3,1915,1,1915.0,2002,0,1,0,0.0,7
4,1040,3,3,0,420,2,1040,0,1950,1,1950.0,1950,0,1,0,0.0,4
6,1456,3,3,855,460,2,855,4,1976,2,1976.0,1976,3,2,0,0.0,6
6,1269,4,3,621,280,1,621,3,1962,1,1962.0,2001,0,1,0,216.0,7
8,1370,4,4,1370,484,2,1370,4,2006,2,2006.0,2006,4,2,1,178.0,6
6,1933,4,4,894,668,3,894,4,2007,3,2007.0,2007,4,2,1,74.0,9
6,1714,3,3,923,451,2,947,4,1999,3,2000.0,2000,3,2,1,0.0,7
6,1876,4,4,901,540,2,943,3,1974,2,1974.0,1974,3,2,0,270.0,8
4,1292,3,4,949,205,1,949,3,1923,1,1923.0,2008,0,1,1,0.0,6
7,2036,3,3,2136,513,2,2036,4,1965,2,1965.0,1965,4,2,0,0.0,8
9,1557,4,5,1557,484,2,1557,4,1999,2,1999.0,2000,3,2,1,260.0,5
7,1737,4,4,836,506,2,844,4,1992,3,1992.0,1992,0,2,1,0.0,7
7,1830,3,3,1865,521,2,1830,4,1967,1,1967.0,1967,4,1,0,123.0,6
7,1389,3,3,651,240,1,707,3,1946,1,1947.0,1992,4,1,0,0.0,6
4,892,3,4,858,0,0,892,4,1923,0,1923.0,1950,0,1,1,0.0,5
5,1040,3,4,1040,286,1,1040,3,1959,2,1959.0,2003,0,1,0,0.0,6
7,1452,4,4,691,506,2,713,4,1999,1,1999.0,1999,0,2,1,218.0,6
6,1056,3,3,1056,576,2,1056,3,1980,1,1980.0,1980,0,0,0,0.0,4
6,1796,3,3,780,483,2,983,3,1963,2,1963.0,1963,3,1,0,415.0,8
6,1560,4,4,684,400,2,684,4,2005,3,2005.0,2005,4,2,1,0.0,6
6,856,3,3,856,399,2,856,3,1939,1,1939.0,1950,4,1,0,0.0,4
5,846,3,4,720,576,2,846,3,1920,3,1980.0,1950,0,1,0,0.0,4
8,2290,4,4,1128,779,2,1149,4,2002,1,2002.0,2002,4,2,1,0.0,9
7,1977,4,4,982,574,3,982,4,2006,2,2006.0,2006,0,2,1,0.0,7
5,1273,3,3,1273,307,1,1273,3,1960,1,1960.0,1960,0,1,0,0.0,5
7,2344,4,4,1264,889,3,1277,4,1996,2,1996.0,1997,3,2,1,921.0,7
5,1518,3,2,1580,0,0,1518,3,1940,0,1940.0,2007,4,1,1,0.0,5
4,630,3,3,630,0,0,630,4,1972,0,1972.0,1972,0,1,0,0.0,3
4,1844,3,3,709,240,1,1157,3,1900,1,1900.0,1954,4,1,1,771.0,9
4,768,3,3,768,355,1,768,3,1955,1,1959.0,1955,2,1,0,0.0,4
8,3112,4,4,1360,795,2,1360,3,1918,1,1918.0,1990,5,2,1,0.0,8
6,1498,3,3,691,409,2,691,4,1995,3,1995.0,1996,3,2,1,0.0,6
5,844,3,3,844,216,1,844,3,1925,1,1925.0,1950,0,1,0,0.0,5
9,2772,5,5,1776,754,3,1794,5,2007,3,2007.0,2007,4,3,1,726.0,10
8,2097,4,5,2077,1134,3,2097,5,2005,3,2005.0,2006,5,1,1,0.0,8
7,1352,4,4,1352,466,2,1352,5,2006,2,2006.0,2007,4,2,1,0.0,5
8,1919,4,4,1079,685,2,1079,4,2006,2,2006.0,2006,4,2,1,0.0,8
6,1284,3,3,1284,480,2,1284,4,1984,1,1984.0,1984,0,2,0,0.0,5
8,2374,4,5,1181,656,3,1234,4,2003,3,2003.0,2004,4,2,1,340.0,10
7,2314,4,4,1150,502,2,1164,5,2003,3,2003.0,2005,5,2,1,0.0,9
9,2018,5,5,2002,746,3,2018,5,2008,3,2009.0,2009,4,2,1,0.0,10
8,1651,4,4,1643,870,3,1651,4,2007,2,2007.0,2007,4,2,1,306.0,7
6,882,3,3,882,502,1,882,2,1956,1,1956.0,1956,0,1,0,0.0,5
4,894,3,3,894,396,2,894,3,1960,1,1988.0,1960,1,1,0,0.0,5
6,1800,3,3,982,463,2,1007,4,2000,3,2000.0,2000,3,2,1,16.0,7
9,1869,5,5,1869,617,2,1869,5,2007,2,2007.0,2007,4,2,1,362.0,6
8,1625,4,4,1573,495,2,1625,4,2006,3,2006.0,2007,4,2,1,473.0,5
6,1595,3,3,940,240,1,1192,3,1940,1,1940.0,2000,4,1,0,0.0,6
8,2020,4,4,1128,466,2,1142,4,1995,2,1995.0,1995,3,2,1,0.0,8
7,2094,4,4,912,615,2,912,4,2003,3,2003.0,2004,4,2,1,0.0,8
6,1412,3,4,1392,576,2,1412,4,1988,1,1988.0,1988,3,2,0,0.0,6
3,1162,4,3,728,258,1,728,3,1930,1,1930.0,1950,0,1,0,0.0,6
4,1140,3,3,576,0,0,792,3,1910,0,1910.0,2004,0,1,0,0.0,7
9,2728,5,5,1848,706,3,1848,5,2005,3,2006.0,2006,5,2,1,870.0,10
7,1879,4,4,1079,473,2,1079,4,1993,2,1993.0,1994,3,2,1,0.0,8
6,2279,3,4,585,461,2,2279,3,1958,2,1958.0,1995,4,2,0,1224.0,7
7,1374,4,4,384,400,2,744,4,2004,3,2004.0,2004,4,2,1,0.0,8
6,1536,3,3,768,308,1,768,3,1952,1,1952.0,1952,0,1,0,0.0,7
6,1218,3,3,672,264,1,672,3,1973,1,1973.0,1973,0,1,0,285.0,7
6,1094,3,3,1094,495,2,1094,3,1953,2,1953.0,1953,4,1,0,216.0,5
7,2021,4,4,868,422,2,887,5,2006,2,2006.0,2006,4,2,1,0.0,9
6,1806,3,3,780,483,2,993,3,1964,1,1964.0,1964,0,1,0,420.0,8
5,1314,3,3,1314,294,1,1314,3,1957,2,1957.0,1957,0,1,0,0.0,5
7,1775,4,4,740,425,2,1006,4,1993,1,1993.0,1993,3,2,1,137.0,7
6,1350,3,3,1248,520,2,1350,3,1964,2,1964.0,1964,0,1,0,259.0,6
6,1072,3,3,547,525,2,1072,4,2005,3,2005.0,2006,0,1,1,82.0,5
6,2291,3,3,1214,506,2,1260,3,1910,1,1900.0,1998,4,2,0,0.0,9
7,1576,4,4,770,614,2,778,4,2006,2,2006.0,2006,0,2,1,0.0,6
7,1762,3,4,596,576,2,998,2,1920,1,1989.0,1950,0,1,0,0.0,8
8,3447,3,4,728,1014,3,1968,3,1935,1,1982.0,1997,4,3,0,632.0,11
4,864,3,3,864,576,2,864,3,1970,1,2001.0,1970,0,1,0,0.0,5
5,1176,3,3,1176,360,1,1176,4,1969,1,1969.0,1969,0,1,0,0.0,5
6,848,4,4,848,420,2,848,4,2003,3,2003.0,2003,0,1,1,170.0,3
5,1432,3,4,1360,588,2,1432,4,1978,1,1978.0,1978,3,1,1,0.0,5
5,1048,3,3,0,420,2,1048,0,1950,1,1950.0,1950,0,1,0,0.0,7
5,1128,3,3,936,286,1,1128,3,1954,1,1954.0,1954,0,1,0,0.0,5
8,1801,4,4,893,800,3,901,4,2005,3,2005.0,2005,4,2,1,0.0,8
6,1482,3,2,672,400,1,810,3,1925,1,1934.0,1950,0,2,0,0.0,7
5,974,3,3,974,0,0,974,4,1991,0,1991.0,1992,0,1,1,0.0,5
5,1017,3,3,346,308,1,709,3,1900,1,1961.0,2003,0,1,0,0.0,5
6,1218,3,3,735,440,2,869,3,1941,1,2003.0,1950,4,1,0,0.0,6
7,1850,4,4,973,467,2,979,4,1994,3,1994.0,1994,4,2,1,0.0,7
6,2345,3,3,952,360,2,1170,4,1932,1,1932.0,1950,4,2,0,0.0,9
6,987,3,3,483,264,1,483,3,1973,1,1973.0,1973,0,1,0,408.0,5
6,784,3,3,784,360,2,784,2,1928,1,1950.0,1950,0,1,0,0.0,5
5,1144,3,3,1144,596,1,1144,3,1956,1,1956.0,1956,0,1,0,0.0,6
5,888,3,3,920,240,1,888,3,1961,1,1961.0,1961,0,1,0,53.0,5
6,1654,3,3,0,528,2,1286,0,1977,2,1977.0,1977,0,2,0,0.0,10
4,1092,3,3,546,286,1,546,3,1976,1,1976.0,1976,0,1,0,0.0,6
5,925,3,3,0,300,1,925,0,1961,3,1961.0,1961,0,1,0,0.0,7
5,1437,3,3,1188,576,2,1437,3,1956,1,1999.0,1987,3,1,0,0.0,6
6,848,4,4,848,420,2,848,4,2004,2,2004.0,2004,3,1,1,147.0,3
7,1596,4,4,784,610,2,784,4,2005,2,2005.0,2005,0,2,1,532.0,6
7,2061,4,4,1070,647,2,1094,4,1995,3,1995.0,1996,3,2,1,286.0,7
8,1440,4,4,1432,467,2,1440,5,2003,3,2003.0,2003,3,2,1,206.0,7
6,1603,3,3,784,599,2,819,3,1923,1,1980.0,1950,4,1,0,0.0,7
6,1958,3,3,979,492,2,979,4,1946,1,1946.0,1950,0,2,0,423.0,8
9,1884,5,5,1884,649,2,1884,5,2008,3,2008.0,2009,4,2,1,308.0,6
5,980,3,3,980,484,2,980,3,1977,1,1986.0,1977,0,1,0,153.0,6
5,1902,3,3,1100,576,2,1226,3,1923,1,1960.0,1950,0,2,0,0.0,7
5,672,3,3,672,256,1,672,2,1940,1,1950.0,1950,0,1,0,0.0,4
5,1006,3,3,1006,0,0,1006,3,1959,0,1959.0,1959,0,1,0,0.0,5
5,1786,3,3,1499,529,2,1619,3,1965,3,1965.0,1965,4,2,0,0.0,7
7,1294,4,4,1286,662,2,1294,4,2006,2,2006.0,2006,4,2,1,0.0,6
5,1152,3,3,1152,252,1,1152,4,1978,1,1960.0,1978,0,2,1,0.0,6
5,1024,3,3,1024,308,1,1024,3,1965,1,1965.0,1965,0,1,0,0.0,5
5,2315,3,3,1168,342,1,1278,4,1950,3,1950.0,1963,4,2,0,405.0,9
8,1338,4,4,1338,582,2,1338,4,2001,3,2001.0,2001,0,2,1,0.0,6
7,1578,4,4,1578,642,3,1578,5,2006,1,2006.0,2006,4,2,1,128.0,7
8,2373,4,4,1052,632,3,1052,4,2004,3,2004.0,2005,4,2,1,236.0,9
4,2650,3,3,0,0,0,862,0,1967,0,1967.0,1967,0,3,0,0.0,10
9,1856,4,5,1856,834,3,1856,5,2010,3,2010.0,2010,5,1,1,350.0,8
9,1940,5,5,1930,606,3,1940,5,2009,3,2010.0,2010,4,2,1,450.0,8
8,1682,4,4,1664,528,2,1682,5,1997,3,1997.0,1997,3,1,1,0.0,6
7,2291,4,4,975,429,2,1005,4,1999,3,1999.0,1999,3,2,1,302.0,8
5,1203,3,4,709,352,1,979,3,1950,1,1950.0,1950,3,1,0,161.0,5
4,912,3,3,0,0,0,672,0,1947,0,1947.0,1950,0,1,0,0.0,3
5,1367,3,3,861,384,1,961,3,1900,1,1978.0,1950,0,1,0,0.0,7
5,1691,3,4,1026,308,1,1026,3,1924,1,1924.0,1950,4,2,0,0.0,6
8,1544,4,4,1544,868,3,1544,4,2009,2,2009.0,2010,0,2,1,256.0,7
5,894,3,3,894,600,2,894,3,1972,2,1985.0,1972,0,1,0,0.0,6
6,958,3,3,958,440,2,958,4,1976,2,1976.0,1976,0,2,0,0.0,5
5,1306,3,3,992,756,1,1306,3,1957,1,1968.0,2000,0,1,0,0.0,5
7,1142,4,4,1142,440,2,1142,4,2005,3,2005.0,2006,0,2,1,14.0,6
7,1952,3,4,976,299,1,976,3,1950,3,1950.0,2005,3,1,0,0.0,8
5,1728,3,3,704,234,1,1024,3,1949,1,1949.0,1973,4,1,0,0.0,7
5,1866,3,3,1866,495,2,1866,3,1958,1,1958.0,1958,0,2,1,657.0,8
6,1709,3,4,836,416,2,851,4,1991,3,1991.0,1991,0,2,1,194.0,7
5,1920,3,3,928,400,2,928,3,1948,1,1948.0,1950,0,2,0,567.0,10
8,1235,4,3,1235,484,2,1235,4,1980,3,1980.0,1980,3,1,0,0.0,4
5,759,3,3,451,576,2,759,2,1912,1,1997.0,1991,0,1,0,0.0,5
7,1802,3,3,793,216,1,901,2,1920,1,1920.0,1950,4,1,0,0.0,9
5,792,4,3,624,287,1,792,2,1923,1,1963.0,1950,0,1,1,0.0,5
4,1544,4,3,925,0,0,1000,2,1890,0,1890.0,2006,0,2,0,0.0,7
6,1082,3,3,1082,240,1,1082,3,1948,1,1948.0,1950,4,1,0,206.0,5
8,788,4,4,728,484,2,788,4,1980,3,1980.0,1980,3,1,0,0.0,3
5,1676,3,4,1160,672,2,1676,3,1977,2,1977.0,1994,3,1,1,0.0,6
5,1447,3,3,801,0,0,801,2,1910,0,1910.0,1950,0,1,0,0.0,6
5,1268,4,3,832,288,1,1036,3,1949,1,1949.0,1950,4,1,0,0.0,6
6,1682,3,4,804,523,2,804,4,1998,2,1998.0,1998,0,2,1,116.0,7
8,2225,4,4,1390,713,3,1402,4,1992,2,1992.0,1993,3,2,1,180.0,7
8,1848,4,4,975,592,2,975,4,2000,2,2000.0,2000,3,2,1,0.0,7
6,1776,3,3,821,443,2,821,4,1996,3,1996.0,1996,3,2,1,0.0,7
5,892,3,3,864,264,1,892,3,1966,2,1966.0,1966,0,1,0,65.0,5
7,1490,4,4,788,388,2,788,4,2004,3,2004.0,2005,4,2,1,0.0,8
5,1064,3,3,1064,528,2,1064,3,1967,1,1967.0,1967,3,1,0,305.0,6
7,1864,3,3,1020,0,0,978,3,1902,0,1902.0,2000,0,2,0,188.0,9
6,1398,3,3,684,440,2,684,3,1976,3,1976.0,2001,3,1,0,0.0,6
6,1218,3,3,672,264,1,672,3,1972,1,1972.0,1972,0,1,0,281.0,7
8,1660,4,4,1660,500,2,1660,5,2006,2,2006.0,2006,4,2,1,420.0,8
4,1350,3,3,967,504,2,1350,3,1954,2,1954.0,1954,4,1,0,0.0,6
7,2978,4,4,710,564,2,1898,4,1967,3,1961.0,2007,4,2,0,300.0,11
6,1521,3,4,741,640,3,780,3,1910,1,1950.0,2002,0,1,1,0.0,8
7,1431,4,4,1431,666,2,1431,4,1999,3,1999.0,1999,0,2,1,0.0,6
8,2052,4,4,1107,642,3,1040,4,2000,3,2000.0,2001,3,2,1,0.0,7
5,1517,3,2,793,0,0,997,3,1919,0,1919.0,2005,0,2,0,0.0,7
6,1578,3,2,806,240,1,958,3,1941,1,1941.0,1950,3,1,0,0.0,5
4,1608,3,3,1396,444,1,1608,3,1961,1,1961.0,1961,0,1,0,198.0,6
5,1224,3,1,689,180,1,725,4,1917,1,1917.0,1950,0,1,0,0.0,6
5,1776,3,3,1584,888,3,1776,3,1958,1,1968.0,1958,0,2,0,95.0,9
8,1234,4,4,1234,484,2,1234,5,2007,2,2007.0,2007,0,2,1,0.0,7
8,1625,4,4,1573,538,2,1625,4,2006,3,2006.0,2007,4,2,1,481.0,5
5,1572,3,3,1572,995,3,1572,3,1963,2,1963.0,1963,3,1,0,226.0,5
5,1647,3,4,1430,621,2,1647,4,1977,3,1977.0,1977,3,2,0,459.0,7
7,2014,4,4,912,486,2,1072,4,2003,3,2003.0,2003,0,2,1,0.0,9
3,1163,3,3,1162,220,1,1163,3,1955,1,1955.0,2005,0,1,0,0.0,6
6,2544,3,3,1248,907,3,1248,3,1969,2,1969.0,1969,0,2,0,480.0,12
6,987,3,3,483,352,1,483,3,1972,1,1975.0,1972,0,1,0,422.0,5
6,1824,3,3,764,520,2,1060,3,1919,1,1940.0,1950,4,1,1,0.0,8
9,2855,4,5,1540,774,3,1540,5,2000,2,2000.0,2000,3,2,1,877.0,9
6,913,3,3,814,240,1,913,3,1966,1,1990.0,1966,0,1,0,0.0,6
8,1776,4,4,1732,712,3,1776,5,2006,3,2006.0,2007,4,2,1,100.0,7
7,1426,4,4,912,216,1,912,3,1918,1,1925.0,1998,4,1,0,0.0,7
8,1646,4,4,1594,482,2,1646,5,2004,3,2004.0,2005,4,2,1,174.0,5
7,1314,4,4,1314,626,2,1314,4,2007,2,2008.0,2008,4,2,1,166.0,6
5,1049,4,4,1049,266,1,1049,4,1984,3,1984.0,1984,0,2,0,149.0,5
6,1680,3,3,840,308,1,840,4,1915,1,1960.0,1976,0,2,0,0.0,8
7,1889,2,3,925,308,1,964,3,1910,1,1960.0,1950,4,1,0,0.0,9
9,1808,5,5,1774,850,3,1808,5,2008,3,2008.0,2008,4,2,1,285.0,7
8,2550,4,5,1108,670,3,1148,5,2006,3,2006.0,2007,4,2,1,190.0,11
7,1908,4,4,915,493,2,933,4,1994,1,1994.0,1995,3,2,1,0.0,8
6,1643,3,3,1182,438,2,1643,4,1966,1,1966.0,1966,4,2,0,0.0,6
5,2414,3,3,954,520,2,1766,3,1900,1,1970.0,1970,4,2,0,0.0,10
8,1512,4,4,798,180,1,798,2,1925,1,1925.0,1997,4,2,1,0.0,7
5,1188,3,3,1188,312,1,1188,3,1962,1,1962.0,1962,0,1,0,189.0,6
5,1323,3,3,780,400,2,948,3,1948,1,1948.0,2005,0,1,0,0.0,6
5,1092,3,3,525,320,1,525,3,1971,1,1997.0,1971,0,1,0,492.0,6
7,1726,5,5,1726,786,3,1726,5,2007,3,2007.0,2007,4,2,1,205.0,8
6,1564,3,3,650,476,2,888,4,1980,1,1980.0,1981,3,2,0,130.0,7
4,1521,3,4,910,597,1,910,3,1950,1,1950.0,1950,0,1,0,0.0,6
7,1226,3,4,1226,740,3,1226,4,2009,2,2009.0,2009,0,2,1,0.0,6
4,816,3,3,624,0,0,816,3,1910,0,1910.0,1950,4,1,0,0.0,5
6,1330,4,4,1330,437,2,1330,4,2006,3,2006.0,2007,4,2,1,0.0,6
6,1511,3,3,802,413,2,802,4,1997,3,1997.0,1997,3,2,1,0.0,8
5,858,3,3,858,576,2,858,4,1982,1,1983.0,1982,0,1,0,0.0,5
3,894,2,3,894,1248,3,894,3,1935,2,1994.0,1950,0,1,0,0.0,6
8,1752,4,3,559,492,2,1080,4,1988,2,1988.0,2005,0,2,0,0.0,8
7,1782,4,4,1782,551,2,1782,4,1979,3,1979.0,1979,3,2,0,194.0,6
5,1343,3,3,731,186,1,820,3,1921,1,1921.0,1950,4,1,0,0.0,7
8,1717,4,4,1709,908,3,1717,5,2006,2,2006.0,2006,4,2,1,250.0,7
5,1507,3,3,1075,404,1,1507,3,1960,1,1960.0,1960,0,2,0,0.0,7
5,1027,3,3,1027,299,1,1027,3,1962,1,1962.0,1962,0,1,0,0.0,6
5,1680,3,3,856,450,2,936,3,1910,1,1910.0,1950,4,2,0,0.0,7
7,1829,4,4,941,613,2,941,4,2003,2,2003.0,2003,3,2,1,223.0,7
8,1904,4,5,1058,736,2,1058,4,2005,3,2003.0,2005,4,2,1,280.0,8
5,952,3,3,952,840,2,952,3,1951,1,1988.0,1951,0,1,0,0.0,4
4,1131,3,3,907,672,2,1131,2,1937,1,1995.0,2000,0,1,0,435.0,7
5,1588,3,3,768,480,2,1024,3,1955,1,1955.0,1967,0,1,0,0.0,6
7,2673,3,4,1043,441,2,1539,4,1980,2,1980.0,1991,3,2,0,229.0,9
5,1764,3,3,0,301,1,1764,0,1957,3,1957.0,1982,3,2,0,0.0,7
8,2090,4,4,1220,556,2,1220,4,1995,2,1995.0,1996,3,2,1,438.0,8
8,2612,4,4,1225,676,3,1276,4,1998,3,1998.0,1999,3,2,1,975.0,8
5,1271,3,3,720,312,1,720,3,1948,1,1948.0,1950,4,2,0,0.0,7
7,2514,3,3,1216,693,2,1298,4,1990,3,1990.0,1991,0,2,0,0.0,8
4,864,3,3,864,576,2,864,3,1971,1,1989.0,1971,0,1,0,0.0,4
5,1803,3,3,1134,484,2,1803,3,1957,2,1957.0,2000,3,2,0,67.0,8
6,2422,3,4,1288,527,2,2422,4,1954,3,1954.0,1994,4,3,0,300.0,6
5,1056,3,3,1056,300,1,1056,3,1955,3,1955.0,1955,0,1,0,0.0,6
5,3086,3,4,666,1200,3,1308,3,1935,1,2007.0,2007,0,3,0,0.0,9
6,1290,3,3,554,200,1,736,3,1900,1,1926.0,2000,0,1,0,0.0,6
7,1541,4,4,1541,843,3,1541,4,2001,2,2001.0,2002,3,2,1,150.0,6
10,2020,5,5,2006,900,3,2020,5,2009,3,2009.0,2009,4,2,0,305.0,9
8,1226,4,4,1226,484,2,1226,4,1981,3,1981.0,1981,3,1,0,0.0,4
7,1710,4,4,856,548,2,856,4,2003,2,2003.0,2003,0,2,1,196.0,8
7,918,3,3,852,360,1,918,3,1975,1,1975.0,1975,0,1,0,50.0,4
9,1668,4,4,1626,702,3,1668,4,2002,3,2002.0,2002,3,2,1,215.0,7
4,1126,3,4,0,520,2,1126,0,1949,3,2002.0,2003,0,2,0,0.0,5
6,1062,3,3,1062,297,1,1062,3,1954,1,1954.0,1954,0,1,0,80.0,6
5,893,3,4,845,576,2,893,3,1949,1,1985.0,2003,0,1,0,0.0,4
7,1594,4,4,846,434,2,846,4,2004,3,2004.0,2004,4,2,1,0.0,7
4,1273,3,4,616,275,1,1055,3,1910,1,1910.0,1993,0,1,0,0.0,5
8,2376,4,4,1158,853,3,1158,5,2005,2,2005.0,2006,4,3,1,380.0,9
7,1368,4,4,1368,474,2,1368,4,2005,2,2005.0,2006,4,2,1,94.0,6
6,1416,3,3,708,776,2,708,3,1968,2,1968.0,1968,3,2,0,420.0,7
7,1080,4,4,530,496,2,530,4,2003,2,2003.0,2003,0,2,1,0.0,4
6,1392,3,3,1392,576,2,1392,2,1968,2,1968.0,1968,3,1,0,216.0,5
7,1744,4,4,996,457,2,1014,4,1993,2,1993.0,2003,0,2,1,0.0,7
5,1214,3,3,1214,318,1,1214,3,1967,2,1967.0,1967,2,2,0,196.0,5
6,1090,3,3,720,240,1,760,2,1940,1,1940.0,2006,0,1,0,0.0,5
6,1208,4,3,1208,546,2,1208,4,1977,2,1977.0,1977,3,1,0,0.0,6
6,1102,3,3,988,582,2,1102,4,1980,2,1980.0,1980,3,1,0,130.0,5
5,1473,3,5,1437,452,1,1473,3,1968,1,1968.0,2003,4,1,0,0.0,5
2,1086,2,3,723,400,2,723,2,1920,1,1920.0,1950,0,1,0,0.0,5
4,765,3,4,765,200,1,765,3,1925,1,1926.0,1950,0,1,0,0.0,4
7,2398,4,4,1379,834,3,1383,4,1996,3,1996.0,1997,3,2,1,594.0,8
5,864,3,5,864,576,2,864,3,1972,3,1977.0,2000,0,1,0,0.0,5
7,1820,3,4,864,492,2,902,3,1965,1,1965.0,1988,4,1,0,288.0,8
8,1702,4,4,1702,844,3,1702,4,2007,2,2007.0,2007,4,2,1,260.0,7
7,1358,4,4,1358,484,2,1358,4,2009,2,2010.0,2010,4,2,1,128.0,6
7,1774,3,3,952,468,2,1022,3,1931,1,1931.0,1950,3,2,0,0.0,8
7,1553,4,4,756,615,2,756,4,2005,2,2005.0,2006,0,2,1,0.0,6
8,1811,4,4,972,565,2,972,4,2002,2,2002.0,2002,4,2,1,0.0,7
7,1417,4,4,1417,511,2,1417,4,1997,1,1997.0,1998,3,2,1,209.0,7
5,1008,3,2,1008,308,1,1008,3,1956,1,1964.0,1956,0,1,0,54.0,6
8,1915,4,4,908,506,2,927,4,1992,3,1992.0,1992,3,2,1,0.0,8
5,960,3,2,960,392,1,960,3,1959,1,1959.0,2000,0,1,0,0.0,4
6,1229,3,4,561,462,2,561,4,1980,3,1980.0,1992,3,1,0,0.0,5
5,1056,3,3,1056,308,1,1056,3,1958,2,1958.0,1992,0,1,0,0.0,6
6,1348,3,3,660,453,2,660,3,1966,2,1966.0,1966,2,1,0,266.0,6
10,4316,5,5,2444,832,3,2444,5,1994,3,1994.0,1995,5,3,1,1170.0,10
4,1196,3,3,1196,440,2,1196,3,1916,1,1957.0,1990,0,1,0,0.0,5
7,1959,4,4,847,434,2,847,4,2004,3,2004.0,2005,4,2,1,0.0,8
7,1759,4,4,1449,525,2,944,4,1992,1,1992.0,1993,3,2,1,0.0,7
7,2161,4,4,1257,570,2,1290,4,2001,2,2001.0,2001,3,2,1,227.0,8
6,752,3,3,744,264,1,752,4,1984,1,1984.0,1984,0,1,0,0.0,4
5,816,3,3,816,264,1,816,3,1982,1,1982.0,1982,0,1,0,0.0,5
5,884,3,4,840,504,2,884,4,1983,2,1983.0,1983,0,1,0,0.0,5
7,1614,4,4,1614,865,3,1614,4,2005,2,2005.0,2006,0,2,1,240.0,7
6,1516,3,4,707,409,2,707,4,1994,3,1994.0,1995,3,2,1,0.0,7
5,897,3,3,876,264,1,897,3,1968,2,1968.0,1968,0,1,0,89.0,5
7,2243,4,4,700,746,3,1122,4,1990,2,1990.0,1991,3,2,0,246.0,8
8,1568,4,4,1568,564,2,1568,4,2001,2,2001.0,2002,3,2,1,0.0,6
5,1064,3,2,864,318,1,1064,3,1952,1,1952.0,1952,0,1,0,0.0,4
5,1620,3,3,780,462,2,780,3,1969,3,1969.0,1969,0,2,0,263.0,7
5,1012,3,3,816,429,1,1012,3,1920,1,1920.0,1950,0,1,0,0.0,5
6,1316,4,4,1316,397,2,1316,4,2005,3,2005.0,2006,4,2,1,0.0,6
4,845,3,3,0,290,1,845,0,1957,1,1957.0,1957,0,1,0,0.0,5
7,2236,3,4,964,642,2,993,4,1997,3,1997.0,1997,3,2,1,285.0,8
5,630,3,5,630,0,0,630,4,1970,0,1970.0,1970,0,1,0,0.0,3
7,1553,4,4,691,420,2,691,4,1996,3,1996.0,1996,0,2,1,0.0,6
8,3194,3,3,965,380,2,1940,4,1934,1,1934.0,1998,4,2,1,0.0,10
6,1136,3,3,1136,384,1,1136,3,1965,2,1965.0,1965,4,1,0,0.0,5
6,848,4,4,848,420,2,848,4,2004,3,2004.0,2004,4,1,1,169.0,4
6,1211,3,4,1211,461,2,1211,4,1976,3,1976.0,1976,1,2,1,621.0,6
6,1256,4,4,1145,641,2,1256,4,2008,3,2008.0,2008,4,1,1,252.0,5
6,1285,3,3,861,506,2,861,3,1926,3,1950.0,1950,0,1,1,0.0,6
5,2372,3,3,994,432,1,1378,3,1892,2,1985.0,1965,0,2,0,0.0,11
7,1498,4,4,1498,675,2,1498,4,2006,2,2006.0,2006,0,2,1,0.0,5
6,2264,3,3,1100,408,1,1100,3,1918,1,1950.0,1995,0,2,0,0.0,8
7,2090,3,3,1107,484,2,1107,4,1973,2,1973.0,1973,3,2,0,240.0,7
9,2324,5,5,1175,736,3,1182,5,2005,3,2005.0,2006,4,3,1,286.0,11
7,1414,4,4,1375,398,2,1414,4,2004,3,2004.0,2004,3,2,1,18.0,6
5,1392,2,3,1212,0,0,1212,3,1915,0,1915.0,1950,0,1,0,0.0,6
5,1348,3,3,884,216,1,884,3,1925,1,1960.0,1997,2,1,0,0.0,5
5,1968,3,3,784,530,2,1168,3,1969,2,1969.0,1969,1,2,0,232.0,7
4,1149,3,3,1014,544,1,1149,3,1960,3,1968.0,1971,0,1,0,0.0,7
6,1484,4,4,742,390,2,742,4,2005,3,2005.0,2005,4,2,1,0.0,8
8,2499,4,3,392,527,2,1487,3,1976,1,1976.0,1976,4,2,0,200.0,5
7,1119,4,4,835,437,2,1119,4,2004,3,2004.0,2005,0,2,1,0.0,5
6,1199,4,4,1199,530,2,1199,4,1993,2,1993.0,1993,0,2,1,0.0,5
6,1846,4,4,1836,495,2,1846,4,2006,2,2006.0,2006,4,2,1,0.0,7
5,864,4,3,864,336,1,864,3,1978,1,1978.0,2005,0,1,0,90.0,6
8,2727,4,4,853,440,2,1549,4,1932,1,1932.0,1994,3,2,0,0.0,10
6,952,3,2,952,192,1,952,3,1916,1,1916.0,1950,4,1,0,0.0,4
5,1304,3,3,264,336,1,616,4,1977,2,1977.0,1977,3,1,1,0.0,5
8,1959,4,4,1088,1025,3,1088,4,2006,2,2006.0,2006,4,2,1,0.0,8
3,1610,3,2,972,480,1,1052,3,1938,2,1938.0,1990,4,2,0,0.0,8
5,1365,3,4,765,440,2,765,3,1973,1,1973.0,1973,2,1,0,200.0,7
5,1308,3,3,720,484,2,720,3,1969,1,1969.0,1969,0,1,0,0.0,7
5,925,4,3,912,576,2,925,3,1965,1,1978.0,2005,0,1,0,0.0,5
2,407,3,3,407,297,1,407,3,1946,1,1949.0,1950,0,1,0,0.0,3
6,1580,3,3,1244,440,2,1580,3,1959,1,1956.0,1959,4,1,0,432.0,6
5,1292,3,3,1292,520,2,1292,3,1964,1,1964.0,1964,4,1,0,144.0,6
7,1694,4,4,569,434,1,854,4,1997,1,1997.0,1998,3,2,1,0.0,6
8,1630,4,5,1622,860,3,1630,5,2008,2,2008.0,2008,4,2,1,270.0,8
8,2417,4,4,1288,462,2,1301,4,1991,1,1991.0,1992,3,2,0,284.0,9
5,995,3,3,960,264,1,995,3,1925,1,1926.0,1999,0,1,0,0.0,5
5,1539,3,3,927,576,2,1067,3,1936,1,1995.0,1950,0,1,0,0.0,5
5,1836,3,3,686,288,1,1150,3,1900,1,1900.0,1950,0,2,0,0.0,7
5,980,3,3,980,384,1,980,3,1967,3,1967.0,1967,0,2,1,0.0,6
7,1455,4,4,1415,644,3,1455,4,2003,3,2003.0,2003,3,2,1,143.0,6
9,2656,5,5,1934,1040,3,1943,5,2007,2,2007.0,2007,4,2,1,456.0,8
8,1036,4,4,1036,484,2,1036,4,1980,3,1980.0,1980,3,1,0,0.0,4
5,1664,3,3,0,0,0,1664,0,1965,0,1965.0,1965,0,2,0,0.0,8
5,1472,3,4,702,250,1,842,3,1925,1,1925.0,1994,0,1,1,0.0,6
2,599,2,4,416,0,0,599,2,1940,0,1940.0,1950,0,1,1,0.0,4
7,836,3,3,836,345,1,836,3,1976,1,1976.0,1976,0,1,0,0.0,5
6,1746,4,4,698,350,3,698,4,2006,1,2007.0,2007,4,2,1,0.0,6
6,1103,3,3,1103,462,2,1103,3,1974,1,1974.0,1974,0,2,0,176.0,6
7,1222,4,4,1222,615,2,1222,4,2010,2,2009.0,2010,0,2,1,80.0,6
5,2192,3,4,720,240,1,1052,3,1939,1,1939.0,1997,4,2,1,0.0,8
6,1375,3,4,780,544,1,780,3,1937,1,1979.0,1950,4,1,1,0.0,6
4,1092,3,3,546,0,0,546,3,1970,0,1970.0,1970,0,1,0,0.0,5
7,2161,3,4,832,506,2,1218,3,1950,3,1994.0,2000,3,2,0,0.0,8
5,1022,3,3,1022,747,2,1022,4,1994,1,1995.0,1994,0,1,1,0.0,6
6,1337,4,4,1337,511,2,1337,4,2001,3,2001.0,2001,3,2,1,0.0,5
6,1052,3,3,1010,440,2,1052,3,1971,1,1971.0,1971,0,1,0,80.0,6
4,864,3,3,864,280,1,864,3,1970,1,1972.0,1970,0,1,0,0.0,5
4,630,3,3,630,286,1,630,4,1970,1,1970.0,1970,0,1,0,0.0,3
6,936,3,3,920,460,2,936,5,1996,3,1996.0,1997,0,0,1,134.0,3
7,1982,4,4,807,575,2,1175,4,1989,3,1989.0,1989,3,2,0,340.0,7
8,2468,4,4,1136,872,3,1136,5,2004,3,2004.0,2004,4,2,1,388.0,10
7,2097,3,4,1108,583,2,1108,4,1998,2,1998.0,1998,3,2,1,0.0,8
5,882,3,4,720,240,1,882,3,1952,1,1952.0,1952,0,1,0,52.0,4
6,987,3,3,483,288,1,483,3,1972,1,1972.0,1972,1,1,0,297.0,5
8,1582,4,4,1582,905,3,1582,5,2007,3,2007.0,2007,0,2,1,302.0,7
5,1281,3,4,756,379,2,903,3,1926,1,1926.0,1950,0,1,0,0.0,6
8,2199,4,4,1173,516,2,1182,4,1997,3,1997.0,1997,3,2,1,1290.0,9
5,808,3,3,0,164,1,808,0,1945,1,1925.0,1995,0,1,0,0.0,6
5,2126,3,3,1013,538,2,1160,3,1967,3,1967.0,1967,0,2,1,0.0,7
7,1428,4,5,1417,554,2,1428,4,2008,2,2008.0,2008,0,2,1,256.0,6
5,840,3,3,672,0,0,840,3,1930,0,1930.0,1950,3,1,0,0.0,5
5,1038,4,3,1038,264,1,1038,3,1984,2,1984.0,1984,0,2,0,149.0,5
6,1548,3,3,804,440,2,804,4,1976,2,1976.0,1976,3,2,0,0.0,7
6,1118,3,3,648,440,2,734,2,1920,1,1990.0,1950,0,1,0,0.0,6
6,1801,3,3,697,365,2,1104,3,1930,1,1930.0,1959,4,1,1,0.0,8
5,950,3,3,950,280,1,950,3,1971,1,1981.0,1971,0,1,0,0.0,5
7,1250,4,4,625,625,2,625,4,2006,3,2006.0,2007,0,2,1,0.0,5
6,1200,4,4,1200,521,2,1200,4,1995,2,1995.0,1995,0,2,1,0.0,6
5,1141,3,3,1141,568,1,1141,3,1967,1,1967.0,1967,0,1,1,140.0,6
6,1069,3,3,1069,440,2,1069,4,1977,2,1977.0,1977,0,2,0,0.0,4
5,938,3,3,938,308,1,938,4,1975,1,1977.0,1980,0,1,0,0.0,5
5,1114,3,4,1114,0,0,1114,4,2004,0,2004.0,2004,0,1,1,0.0,6
6,1726,4,4,1726,561,2,1726,4,2008,3,2008.0,2008,4,2,1,280.0,6
6,832,3,4,832,528,2,832,3,1954,1,1962.0,1954,0,1,0,0.0,4
7,1228,3,3,600,215,1,628,3,1918,1,1918.0,1990,4,1,0,0.0,6
5,1344,3,3,1344,686,2,1344,4,1999,1,2001.0,1999,4,2,1,0.0,7
5,925,3,4,925,252,1,925,3,1956,1,1956.0,2003,0,1,0,0.0,5
4,876,3,3,876,320,1,876,3,1959,1,1959.0,1959,0,1,0,0.0,5
5,965,3,3,870,580,2,965,4,1996,1,1998.0,1996,0,1,1,0.0,4
6,1570,3,3,1395,441,2,1570,3,1958,2,1958.0,1958,3,1,0,187.0,5
6,919,3,3,894,195,1,919,3,1926,1,1926.0,1998,0,1,0,0.0,5
6,1258,4,4,1258,528,2,1258,3,1971,2,1971.0,2004,0,2,0,144.0,5
6,848,4,4,848,420,2,848,4,2004,2,2004.0,2004,0,1,1,169.0,3
5,2654,3,3,671,638,2,1567,4,1920,1,1946.0,1996,4,3,0,356.0,11
5,1230,3,3,440,440,2,682,3,1910,1,1966.0,1981,0,1,1,0.0,5
5,1436,3,3,892,1488,4,1254,3,1922,1,1968.0,1950,4,1,0,0.0,7
5,1360,3,3,1104,336,1,1360,3,1969,2,1969.0,1979,3,1,1,194.0,8
7,2212,4,4,1700,773,3,1700,4,2005,3,2006.0,2006,4,2,1,248.0,9
5,1022,3,2,1022,184,1,1022,2,1922,1,1922.0,1950,4,1,1,0.0,4
6,1374,3,3,1130,286,1,1374,3,1964,2,1964.0,1964,3,1,0,212.0,7
6,1261,3,3,1261,433,2,1261,3,1958,2,1958.0,1958,3,1,0,0.0,6
5,1155,3,4,1109,576,2,1155,3,1961,1,1987.0,1995,0,1,0,0.0,6
4,1120,3,2,1040,544,2,1120,3,1961,2,1961.0,1961,0,1,0,0.0,5
8,1838,4,4,1838,524,2,1838,5,2007,2,2007.0,2008,4,2,1,352.0,7
7,1492,4,4,1492,596,2,1492,4,2002,2,2002.0,2002,4,2,1,0.0,6
5,1306,3,4,240,472,2,810,3,1910,1,1959.0,2003,0,1,0,0.0,6
5,796,3,3,796,0,0,796,4,1971,0,1971.0,1971,0,1,0,0.0,5
5,1144,3,3,1144,456,2,1144,3,1961,1,1961.0,1961,0,1,0,136.0,6
5,1505,3,3,883,240,1,988,3,1940,1,1940.0,1982,0,1,0,0.0,8
9,1838,5,5,1838,765,3,1838,5,2006,3,2006.0,2006,4,2,1,584.0,8
7,2067,3,4,752,784,2,1285,3,1974,2,1974.0,1974,3,2,0,0.0,7
5,1540,4,4,572,0,0,884,2,1905,0,1905.0,2005,0,1,0,0.0,7
5,816,3,3,816,816,2,816,3,1982,3,1985.0,2003,0,1,1,0.0,4
5,816,2,3,816,516,2,816,4,1963,1,1963.0,1963,0,1,0,0.0,5
9,1816,5,5,1790,730,3,1816,5,2006,3,2007.0,2007,4,2,1,378.0,7
5,1426,3,3,966,230,1,1014,3,1930,1,1930.0,1992,4,1,0,0.0,6
7,1870,4,4,944,608,2,944,4,2001,2,2001.0,2001,0,2,1,0.0,6
5,894,3,3,864,440,2,894,4,1974,1,1974.0,1974,0,1,0,0.0,5
6,1574,3,3,796,566,2,790,4,1976,3,1976.0,1976,3,2,1,120.0,6
7,1500,4,4,1356,648,3,1500,4,2006,3,2006.0,2006,4,2,1,45.0,6
5,789,3,3,768,200,1,789,3,1926,1,1926.0,1950,0,1,0,0.0,5
5,960,3,3,960,576,2,960,3,1955,1,1976.0,1955,0,1,0,0.0,5
4,882,3,3,882,525,2,882,3,1970,3,1970.0,1970,0,1,0,0.0,4
6,1212,3,4,1212,460,2,1212,4,2009,2,2009.0,2009,0,2,1,0.0,6
5,1268,3,3,832,250,1,832,3,1938,1,1938.0,1950,4,1,1,88.0,7
5,1053,3,5,585,0,0,585,3,1938,0,1938.0,2007,0,1,1,0.0,5
8,2828,4,4,1466,1052,3,1466,5,2006,2,2006.0,2007,3,3,1,340.0,11
7,1418,3,4,1418,558,2,1418,4,1997,2,1997.0,1998,3,2,1,150.0,5
5,1226,3,3,0,400,2,1226,0,1951,3,1951.0,1951,4,1,0,0.0,7
6,1320,3,3,768,576,2,819,3,1948,1,1994.0,1950,0,2,0,0.0,5
2,800,2,2,264,0,0,800,3,1936,0,1936.0,1950,1,1,0,0.0,4
7,1340,4,4,1340,396,2,1340,4,2007,3,2007.0,2007,0,2,1,0.0,6
8,2214,4,4,1090,646,3,1090,4,1999,3,1999.0,1999,3,2,1,261.0,8
4,1152,3,2,0,0,0,1152,0,1955,0,1955.0,1955,0,2,1,128.0,6
7,1430,3,3,384,400,2,774,4,2000,3,2000.0,2000,3,2,1,0.0,7
7,1232,4,4,1232,632,2,1232,4,2007,2,2007.0,2007,0,2,1,82.0,6
5,1535,3,3,0,410,2,1535,0,1979,1,1979.0,1979,0,2,0,0.0,8
5,1904,3,3,1208,240,1,1136,3,1950,1,1950.0,1982,0,1,0,0.0,7
5,890,3,3,890,308,1,890,3,1968,1,1970.0,1968,0,1,0,0.0,5
6,1456,4,4,728,308,1,728,3,1915,1,1915.0,2005,0,1,0,0.0,7
5,2020,3,3,0,630,2,2020,0,1977,1,1977.0,1977,3,2,0,320.0,10
7,1476,4,4,738,552,2,738,4,2007,2,2007.0,2007,0,2,1,0.0,7
5,1065,3,3,1065,461,2,1065,3,1960,1,1974.0,1960,0,1,0,66.0,6
8,2522,4,4,2208,564,2,2522,5,2004,3,2004.0,2005,4,2,1,0.0,8
6,1131,3,4,1131,0,0,1131,4,2005,0,2005.0,2006,0,1,1,0.0,6
5,2177,3,3,1032,484,2,1102,3,1950,1,1950.0,1991,0,2,0,430.0,11
6,2447,3,4,804,336,1,1699,3,1919,1,1969.0,1990,4,2,1,0.0,10
5,864,3,3,864,338,1,864,3,1972,1,1972.0,1972,2,1,0,0.0,5
3,864,3,3,864,200,1,864,3,1914,1,1938.0,1950,0,1,0,0.0,5
5,1394,3,4,384,400,2,754,4,2006,3,2007.0,2007,0,2,1,0.0,7
6,1512,4,4,756,440,2,756,4,2000,1,2000.0,2000,0,2,1,1159.0,5
6,1709,4,4,970,380,2,970,4,2004,1,2004.0,2006,0,2,1,50.0,7
6,1444,3,3,1444,473,2,1444,3,1976,1,1976.0,1976,4,2,0,120.0,5
5,1248,3,3,1248,286,1,1248,3,1960,1,1960.0,1960,0,1,0,88.0,6
5,1539,3,4,650,686,2,958,3,1904,1,1983.0,2002,1,2,1,0.0,8
9,1620,4,5,1620,912,3,1620,5,2007,3,2008.0,2008,5,2,1,70.0,6
5,860,3,3,840,528,2,860,3,1982,1,1996.0,1982,0,1,0,0.0,4
6,1468,4,4,1468,528,2,1468,5,2005,3,2005.0,2005,4,2,1,0.0,6
8,1571,4,4,1571,722,3,1571,4,2007,3,2007.0,2007,4,2,1,80.0,7
6,1082,3,3,973,480,2,1082,4,1969,1,1969.0,1969,0,1,1,0.0,6
4,641,3,2,641,272,1,641,3,1925,1,1925.0,1950,0,1,0,0.0,4
8,2169,4,4,1284,647,2,1284,4,2002,2,2002.0,2002,4,2,1,149.0,7
7,1416,4,4,696,484,2,696,4,1999,1,1999.0,1999,0,2,1,0.0,6
6,1072,3,3,547,525,2,1072,4,2005,2,2005.0,2005,0,1,1,80.0,5
6,1675,3,3,841,502,2,892,4,1999,3,1999.0,1999,3,2,1,0.0,7
5,1175,3,3,1175,484,2,1175,3,1960,2,1960.0,1960,0,1,0,0.0,6
5,833,3,4,833,326,1,833,3,1954,1,1955.0,2000,0,1,0,0.0,4
5,1048,3,3,993,280,1,1048,3,1922,1,1922.0,1950,4,1,0,0.0,5
6,1054,3,3,1054,460,2,1054,4,1969,1,1969.0,1969,0,1,0,0.0,6
3,720,3,3,0,287,1,720,0,1949,1,1955.0,1950,0,1,0,0.0,4
6,1595,3,3,663,528,2,774,3,1915,1,1974.0,1950,4,2,0,0.0,7
7,1928,4,4,847,434,2,847,4,2003,3,2003.0,2004,4,2,1,0.0,8
6,1944,3,3,972,324,2,972,3,1910,1,1920.0,1950,0,2,0,0.0,12
7,2127,4,4,1223,525,2,1223,4,1994,2,1994.0,1994,3,2,1,448.0,5
6,1382,3,3,1362,884,2,1382,3,1962,1,1991.0,1962,3,1,0,399.0,6
6,1032,3,3,1032,564,2,1032,4,1978,1,1978.0,1978,3,2,0,233.0,6
6,1822,3,4,1105,515,2,1105,3,1984,1,1984.0,1984,1,2,0,0.0,7
6,1740,3,3,1740,512,2,1740,3,1968,2,1968.0,1968,3,1,0,0.0,8
7,2263,3,4,795,539,2,1468,3,1977,3,1977.0,1994,3,2,0,34.0,9
9,2748,4,5,1850,850,3,1850,5,2006,3,2006.0,2006,4,2,1,270.0,9
7,1876,4,4,1308,848,3,1308,4,2005,2,2005.0,2006,0,2,1,0.0,7
5,2461,4,3,1140,400,2,1929,3,1952,1,1994.0,2002,4,2,0,265.0,7
6,1920,3,3,960,480,2,960,3,1930,1,1930.0,1950,4,2,0,0.0,10
5,1224,3,3,1224,576,2,1224,3,1960,1,1960.0,1996,3,1,0,0.0,7
8,2000,4,4,2000,888,3,2000,4,2004,3,2004.0,2005,0,2,1,246.0,8
8,1372,4,4,1363,588,2,1372,4,2007,2,2008.0,2008,0,2,1,0.0,6
7,3005,4,4,1376,704,3,1376,4,2004,3,2004.0,2005,3,2,1,0.0,9
7,1755,4,4,975,524,2,975,4,1991,1,1991.0,2008,3,2,1,196.0,7
5,1738,3,3,1024,240,1,1144,3,1935,1,1950.0,1950,4,2,0,0.0,6
5,970,3,3,912,0,0,970,4,1992,0,1992.0,1992,0,1,1,0.0,6
5,1086,3,3,1086,490,2,1086,3,1954,1,1989.0,2003,0,1,0,104.0,6
5,1716,3,3,768,281,1,1148,3,1949,1,1949.0,2008,4,1,0,0.0,8
4,1092,3,3,546,286,1,546,3,1973,2,1973.0,1973,0,1,0,0.0,6
6,1550,3,3,817,318,1,940,3,1920,1,1937.0,1950,3,1,1,0.0,7
5,780,3,3,780,352,1,780,3,1972,1,1973.0,1972,0,1,0,0.0,4
8,2551,4,4,1779,925,3,1779,4,1997,3,1998.0,1998,3,2,1,515.0,8
7,1610,3,4,1124,515,2,1610,3,1972,2,1972.0,1987,3,2,0,0.0,8
6,1644,3,3,941,460,2,961,4,1999,2,1999.0,2000,3,2,1,0.0,7
8,1574,4,4,1574,824,3,1574,4,2006,2,2006.0,2006,4,2,1,53.0,7
6,1820,4,4,864,492,2,920,4,1993,2,1993.0,1997,0,2,1,0.0,7
6,1645,3,3,715,441,2,930,3,1971,2,1971.0,1971,0,1,0,0.0,7
6,1679,3,4,1408,575,2,1679,4,1994,2,1994.0,1998,2,2,1,258.0,7
9,2000,5,5,1910,722,3,2000,5,2005,1,2005.0,2005,4,2,1,420.0,8
5,1112,3,3,1112,390,1,1112,3,1954,1,1954.0,1954,4,1,0,0.0,6
6,1837,3,3,941,688,2,941,4,1997,2,1997.0,1998,0,2,1,0.0,7
3,792,3,3,792,366,1,792,3,1958,1,1958.0,1958,0,1,0,0.0,4
5,912,3,4,912,315,1,912,3,1966,1,1966.0,1966,0,1,0,0.0,6
7,1530,4,4,1530,430,2,1530,5,2005,3,2005.0,2005,4,2,1,16.0,7
6,1012,3,3,1012,308,1,1012,3,1920,1,1920.0,1950,4,1,0,0.0,6
7,1453,3,4,1453,445,2,1453,4,1986,2,1986.0,1986,3,1,1,0.0,6
6,1177,3,4,1153,495,2,1177,4,1984,3,1984.0,1984,0,2,0,98.0,6
7,1692,3,4,846,650,2,846,5,2009,2,2009.0,2009,0,2,1,0.0,6
8,2358,4,5,1524,784,3,1544,5,2005,3,2005.0,2006,4,2,1,142.0,10
5,864,3,3,864,0,0,864,4,1975,0,1975.0,1975,0,1,1,0.0,4
8,1668,4,4,1657,502,2,1668,4,2003,3,2003.0,2003,3,2,1,171.0,8
6,848,4,4,848,420,2,848,4,2004,2,2004.0,2004,4,1,1,205.0,3
4,1132,3,4,1132,451,2,1132,4,2005,3,2005.0,2005,0,1,1,0.0,5
6,1882,3,3,0,612,2,964,0,1981,1,1981.0,1981,3,2,0,0.0,8
5,896,3,3,882,730,1,896,3,1961,1,1961.0,1961,0,1,0,0.0,5
7,2362,4,4,2002,546,2,2362,4,1980,2,1980.0,1980,3,2,0,600.0,8
7,2110,4,5,2110,522,2,2110,3,1968,3,1968.0,1968,3,2,0,0.0,8
6,1062,3,3,1029,539,2,1062,4,1976,2,1976.0,1976,3,1,1,0.0,5
5,1268,3,3,1268,244,1,1268,3,1954,3,1954.0,1954,4,1,1,200.0,7
4,1005,3,2,1005,672,2,1005,3,1955,1,1977.0,1955,3,1,0,0.0,5
9,1698,4,5,1698,730,3,1698,5,2005,3,2005.0,2005,4,2,1,615.0,7
7,1553,4,4,1553,588,2,1553,4,2003,2,2003.0,2004,0,2,1,0.0,6
4,1452,3,3,736,0,0,736,3,1920,0,1920.0,2008,0,2,0,0.0,8
5,1216,3,3,1056,280,1,1216,3,1951,2,1951.0,1951,0,1,0,144.0,7
5,1096,3,3,1096,299,1,1096,3,1969,3,1969.0,1969,0,1,0,0.0,6
5,1210,3,4,672,240,1,832,3,1941,1,1941.0,2006,0,1,0,0.0,6
6,2358,3,3,907,360,2,1307,3,1908,1,1908.0,1997,4,3,0,0.0,10
7,2519,4,4,1210,628,2,1238,4,1989,2,1989.0,1990,4,2,1,293.0,9
8,1739,4,4,970,480,2,983,4,1999,3,1999.0,2000,0,2,1,456.0,7
6,1661,3,4,992,377,1,1661,3,1955,2,1955.0,1996,3,1,0,0.0,8
7,2039,4,3,929,791,3,2039,3,1941,1,1941.0,1963,4,1,0,0.0,7
7,1436,4,4,1436,484,2,1436,4,2004,1,2004.0,2004,0,2,1,266.0,8
8,1992,4,4,1053,648,2,1053,5,2003,2,2003.0,2004,4,2,1,768.0,9
5,985,4,3,985,328,1,985,4,1977,1,1977.0,1977,0,2,0,220.0,6
5,1302,3,3,630,264,1,630,3,1972,1,1972.0,1972,0,2,0,268.0,6
8,2198,4,4,1145,836,3,1145,4,2000,2,2000.0,2000,3,2,1,350.0,9
5,1392,4,4,1441,650,3,1392,4,2002,3,2002.0,2002,4,2,1,166.0,6
7,1411,3,3,1386,544,2,1411,3,1977,3,1977.0,1977,3,2,0,209.0,6
5,1043,3,3,938,273,1,1043,3,1947,1,1947.0,1950,4,1,0,0.0,5
8,1618,4,4,1618,880,3,1618,4,2004,3,2004.0,2004,4,2,1,232.0,6
4,1141,3,3,570,252,1,761,2,1900,1,1930.0,1950,0,1,0,0.0,6
8,1314,4,4,1300,552,2,1314,4,2009,2,2009.0,2009,0,2,1,72.0,6
6,1792,3,3,936,451,2,962,4,2000,3,2000.0,2000,3,2,1,318.0,8
8,2184,4,4,1068,570,2,1068,4,2003,2,2003.0,2003,4,2,1,198.0,8
6,1004,3,3,975,504,2,1004,4,1977,1,1977.0,1977,0,1,0,90.0,4
5,1797,3,3,1617,963,3,1797,3,1957,1,1957.0,1957,3,1,0,302.0,7
5,1362,3,3,796,480,2,796,4,1993,1,1993.0,1995,0,1,0,0.0,5
5,1499,3,3,904,869,3,904,3,1946,1,1959.0,1950,1,1,0,0.0,5
6,1395,3,3,723,497,2,735,3,1972,1,1972.0,1972,3,1,0,0.0,6
6,1068,3,3,1059,264,1,1068,3,1963,2,1963.0,2003,0,1,0,0.0,6
5,1206,3,3,1206,312,1,1206,3,1959,2,1959.0,1959,0,1,0,91.0,6
7,1494,4,4,1494,530,2,1494,4,2002,2,2002.0,2002,3,2,1,99.0,6
5,1868,3,4,780,484,2,1088,3,1976,1,1976.0,1976,3,2,0,44.0,9
5,1526,3,3,1216,364,1,1526,3,1957,1,1957.0,2002,4,1,0,145.0,7
5,1245,3,3,1008,315,1,1060,3,1920,1,1962.0,1962,0,1,0,0.0,6
6,1470,5,3,680,420,2,680,4,1993,3,1993.0,1993,3,2,1,68.0,6
5,2071,3,3,825,336,1,2071,3,1956,1,1956.0,1956,3,1,0,366.0,9
7,1692,3,3,878,513,2,892,4,1997,2,1997.0,1998,3,2,1,0.0,8
6,2411,3,3,1008,570,2,1403,3,1970,2,1970.0,1970,1,2,0,525.0,8
6,1224,3,3,818,210,1,818,3,1926,1,1926.0,2004,0,1,0,0.0,5
8,2028,4,4,1868,880,3,2028,5,2005,2,2005.0,2006,4,2,1,208.0,7
8,1696,4,4,1696,972,3,1696,4,2008,2,2008.0,2008,0,2,1,240.0,7
5,1668,3,3,1212,240,1,1226,3,1948,1,1948.0,1950,0,1,0,264.0,6
6,1456,3,3,855,440,2,855,4,1978,1,1978.0,1978,3,2,0,0.0,7
6,1445,3,3,1127,645,2,1445,3,1964,2,1964.0,1964,2,1,0,115.0,7
4,1040,3,3,1064,648,2,1040,3,1963,1,1963.0,1963,0,1,1,0.0,5
6,1218,3,5,672,264,1,672,3,1973,1,1973.0,1973,0,1,0,265.0,7
9,2552,5,5,2552,932,3,2552,5,2007,3,2007.0,2007,5,2,1,456.0,8
4,1049,3,3,356,195,1,671,1,1910,1,1910.0,2000,0,1,1,0.0,5
5,1408,3,3,734,489,2,734,4,2005,3,2005.0,2006,0,2,1,0.0,6
8,1324,4,4,1324,550,2,1324,4,2006,3,2006.0,2006,4,2,1,176.0,6
6,926,3,3,902,351,1,926,3,1977,1,1977.0,1977,3,1,0,0.0,5
7,2098,4,4,1040,621,2,1044,4,1997,3,1997.0,1997,3,2,1,0.0,9
4,1382,3,3,1051,459,2,1382,3,1963,1,1974.0,1979,1,1,0,51.0,6
6,1839,3,4,1477,416,2,1839,3,1957,3,1957.0,2004,3,2,1,106.0,7
6,1984,3,3,1242,360,1,1242,3,1910,0,1910.0,1983,0,2,1,0.0,8
8,1960,4,4,1728,714,3,1960,5,2005,3,2005.0,2006,4,2,1,198.0,8
7,1628,3,3,384,390,2,958,4,1996,3,1996.0,1997,3,2,1,32.0,7
7,1190,4,4,1169,578,2,1190,4,2005,2,2005.0,2005,0,2,1,0.0,5
8,2262,4,4,1482,749,3,1482,4,2003,3,2003.0,2003,4,2,1,226.0,10
6,1190,3,4,1181,430,2,1190,4,1993,1,1993.0,1993,3,2,1,45.0,6
7,2013,4,3,1117,455,2,1127,4,1996,1,1997.0,1997,3,2,1,0.0,8
7,1472,3,4,0,484,2,1472,0,1959,1,1959.0,1959,4,2,0,58.0,5
5,1728,3,3,1728,352,1,1728,3,1964,1,2002.0,1964,0,2,0,84.0,10
6,2117,3,3,1205,550,2,2117,3,1970,3,1970.0,1970,4,2,0,0.0,7
5,1374,3,3,884,225,1,932,3,1938,1,1938.0,1950,0,1,0,0.0,6
5,1625,3,3,1625,484,2,1625,3,1965,1,1965.0,1965,0,2,0,0.0,8
7,1612,4,4,796,666,3,796,4,2008,3,2008.0,2008,0,2,1,60.0,6
6,958,3,3,958,301,1,958,3,1960,2,1960.0,1998,0,1,0,0.0,5
4,1470,3,3,941,548,1,997,3,1954,1,1958.0,1972,0,2,1,0.0,7
5,2592,3,3,1296,0,0,1296,3,1923,0,1923.0,1950,0,2,1,0.0,12
6,1512,4,4,756,440,2,756,4,2000,1,2000.0,2000,3,2,1,513.0,4
9,2795,4,5,1390,660,3,1390,5,2005,3,2005.0,2006,4,3,1,550.0,10
5,1192,3,3,596,189,1,596,3,1920,1,1920.0,1950,0,1,1,0.0,6
5,768,3,3,768,396,1,768,4,1972,3,1974.0,2003,0,1,0,0.0,5
4,1230,3,3,747,305,1,774,3,1946,1,1946.0,1950,0,1,0,0.0,5
5,1383,3,3,1383,354,1,1383,4,1954,1,1954.0,1954,4,1,1,0.0,6
8,1651,4,4,1643,870,3,1651,4,2007,3,2007.0,2007,4,2,1,306.0,7
6,1032,3,3,516,462,2,516,4,1980,1,1980.0,1980,3,1,0,0.0,5
7,2149,4,4,1434,670,2,1518,5,2003,2,2003.0,2003,5,1,1,0.0,6
5,1440,3,4,1248,480,1,1440,3,1959,2,1959.0,1998,0,2,0,0.0,7
7,1173,3,4,1053,528,2,1173,4,1974,2,1974.0,1974,3,2,0,81.0,6
7,1654,4,4,1654,900,3,1654,4,2002,1,2002.0,2002,0,2,1,295.0,6
6,1298,4,4,1298,403,2,1298,4,1985,1,1985.0,1985,3,2,0,85.0,5
8,2349,4,4,1231,762,3,1251,4,1993,2,1993.0,1993,3,2,1,504.0,9
5,1675,3,3,1422,365,1,1675,4,1959,1,1959.0,1959,4,2,0,90.0,8
8,1295,4,4,1057,571,2,1295,4,1978,3,1978.0,1998,3,1,0,0.0,4
8,1020,3,3,1004,509,2,1020,4,1988,1,1988.0,1988,0,1,0,0.0,4
7,1502,4,4,1502,644,2,1502,4,2009,2,2009.0,2009,0,2,1,268.0,7
7,1604,4,4,1604,660,2,1604,4,2006,2,2006.0,2006,4,2,1,180.0,8
7,1930,3,4,780,481,2,1085,4,1979,3,1979.0,1979,3,2,0,549.0,9
5,1339,3,3,1029,294,1,1339,3,1958,1,1958.0,1965,0,1,0,0.0,6
6,984,3,3,984,308,1,984,3,1930,1,1930.0,1950,0,1,0,0.0,6
7,1430,3,3,384,410,2,774,3,1999,3,1999.0,1999,3,2,1,0.0,7
4,1884,3,3,707,0,0,942,3,1907,0,1907.0,1950,0,1,0,0.0,7
7,2322,4,4,1035,617,3,1082,4,2006,2,2006.0,2006,0,3,1,0.0,8
5,1015,3,3,768,450,1,1015,3,1925,1,1925.0,1950,0,1,0,0.0,6
5,949,3,3,949,370,2,949,3,1924,1,1924.0,2003,2,1,0,0.0,5
7,1456,4,4,728,390,2,728,4,2005,3,2005.0,2005,4,2,1,0.0,8
6,1316,3,3,644,369,1,672,3,1926,1,2001.0,1950,4,1,0,0.0,6
5,864,3,3,864,624,2,864,3,1958,1,1964.0,1958,0,1,0,0.0,5
5,1144,4,3,1169,286,1,1144,3,1956,2,1956.0,1956,0,1,0,164.0,6
8,2494,4,4,1290,803,3,1305,4,1994,3,1994.0,1995,3,2,1,501.0,9
6,1386,3,3,672,440,2,672,3,1978,3,1978.0,1978,3,2,0,328.0,6
5,1728,3,3,1728,0,0,1728,3,1962,0,1962.0,2001,0,2,0,144.0,10
7,1358,4,4,1350,484,2,1358,4,2007,2,2008.0,2008,4,2,1,176.0,6
7,1372,4,4,1372,529,2,1372,5,2007,3,2008.0,2008,0,2,1,0.0,6
6,1906,3,3,1310,576,2,1906,3,1954,1,1954.0,1954,4,1,1,420.0,6
4,1047,3,3,641,273,1,1047,2,1885,1,1954.0,1995,0,1,0,0.0,6
4,960,3,3,960,432,1,960,3,1965,3,1965.0,1965,0,1,0,48.0,6
6,1400,3,3,676,465,2,698,4,1986,2,1986.0,1986,0,2,0,141.0,6
6,1388,3,3,1388,522,2,1388,4,1968,2,1968.0,1968,1,2,0,0.0,6
5,894,3,3,894,384,1,894,3,1966,2,1966.0,1966,0,1,0,0.0,5
9,2786,4,4,1848,636,2,1827,4,1993,3,1993.0,1994,5,2,1,568.0,10
4,1951,4,2,938,576,2,1084,3,1900,1,1993.0,1950,0,2,1,0.0,9
7,1404,4,4,672,462,2,684,4,1999,1,1999.0,2000,0,2,1,216.0,5
7,1717,4,4,1156,400,2,1187,4,1990,2,1990.0,1991,3,2,0,117.0,7
9,2640,4,5,2036,792,3,2036,5,2006,2,2006.0,2006,4,3,1,0.0,11
5,1118,3,4,1118,264,1,1118,3,1960,2,1960.0,2000,0,1,0,0.0,6
6,1728,3,3,1728,574,2,1728,3,1976,1,1976.0,1976,0,2,0,0.0,8
5,1232,3,3,1232,490,2,1232,3,1966,2,1966.0,1966,0,1,0,172.0,6
7,1145,4,4,1145,397,2,1145,4,2005,3,2005.0,2006,4,2,1,11.0,5
6,1383,3,3,1383,292,1,1383,3,1960,2,1960.0,1960,0,1,0,175.0,7
8,1828,4,4,1822,523,2,1828,5,2002,3,2002.0,2003,4,2,1,164.0,7
8,1342,4,4,1342,550,2,1342,4,2006,2,2007.0,2007,4,2,1,196.0,6
6,1091,3,3,1091,344,1,1091,3,1951,3,1951.0,1951,3,1,1,88.0,5
5,984,3,3,984,384,1,984,3,1963,2,1963.0,1963,3,1,1,0.0,5
8,1826,4,4,1814,758,3,1826,4,2005,3,2005.0,2006,3,2,1,238.0,7
5,1154,3,5,864,336,1,1154,3,1953,1,1962.0,2006,0,1,0,0.0,6
5,971,3,3,971,300,1,971,4,1969,1,1969.0,1969,1,1,0,0.0,5
5,1051,3,3,1051,264,1,1051,3,1966,2,1966.0,1966,0,1,0,0.0,6
7,2061,3,3,1165,498,2,1165,3,1974,2,1974.0,1974,3,2,0,252.0,8
7,1626,4,4,764,474,2,764,4,2003,2,2003.0,2004,0,2,1,106.0,6
7,1524,4,4,1332,586,2,1332,4,1979,3,1979.0,1979,3,0,1,0.0,4
5,936,3,3,936,384,1,936,4,1967,1,1967.0,1967,2,1,0,162.0,4
6,1308,3,4,635,497,2,646,4,1997,2,1997.0,2006,0,2,1,0.0,6
6,1295,3,3,1295,528,2,1295,4,1968,3,1968.0,1968,0,1,1,196.0,6
7,2207,3,3,1947,576,2,2207,4,1970,2,1970.0,1989,4,2,0,287.0,7
7,1852,3,4,900,644,2,932,4,2009,2,2009.0,2009,3,2,1,0.0,7
6,1032,3,3,516,452,2,516,3,1980,1,1980.0,1980,3,1,0,0.0,5
6,1282,3,3,995,672,3,1282,3,1978,1,1989.0,1978,0,2,0,123.0,6
6,1204,3,3,1204,412,2,1204,5,1998,3,1998.0,1998,0,2,1,320.0,5
6,1342,3,3,1372,457,2,1342,3,1967,1,1967.0,1967,4,2,0,0.0,7
6,864,3,4,864,288,1,864,3,1959,1,1959.0,1959,0,1,0,207.0,4
5,943,3,3,943,600,2,943,4,1979,1,1979.0,1979,3,1,0,0.0,4
6,1674,3,3,1163,396,2,1163,4,1918,3,1955.0,1950,4,2,0,0.0,8
3,1605,4,3,840,379,1,840,2,1915,1,1915.0,1950,0,2,0,0.0,8
8,1478,3,3,1418,495,2,1478,4,1998,3,1998.0,1998,0,2,1,0.0,5
4,630,3,4,630,286,1,630,4,1970,1,1970.0,2002,0,1,0,0.0,3
7,1668,4,4,840,500,2,840,4,2003,2,2003.0,2003,0,2,1,101.0,8
5,833,3,3,833,0,0,833,3,1985,0,1985.0,1985,0,1,0,0.0,5
9,1944,4,5,1896,708,3,1944,5,2003,3,2003.0,2004,5,2,1,0.0,8
7,767,3,3,723,367,1,767,4,1998,3,1998.0,1998,0,1,1,182.0,4
5,1365,3,3,765,440,2,765,3,1970,1,1970.0,1970,0,1,0,312.0,7
5,1313,3,4,1313,610,2,1313,3,1961,2,1961.0,1995,3,1,0,217.0,6
5,1229,3,4,1094,672,2,1229,4,1979,1,1979.0,1979,3,0,0,216.0,6
7,1725,4,4,840,550,2,840,4,2002,2,2002.0,2002,0,2,1,0.0,6
6,1491,4,3,1491,571,2,1491,5,1996,3,1996.0,1996,3,2,1,203.0,7
7,2090,4,4,1190,577,2,1190,4,1984,3,1984.0,1984,3,2,0,0.0,6
5,2432,3,3,1216,616,2,1216,3,1985,1,1985.0,1986,0,4,1,0.0,10
5,1582,3,3,1624,390,2,1582,3,1964,1,1964.0,1964,0,2,0,621.0,7
7,1530,4,4,1530,630,3,1530,4,2004,3,2004.0,2004,4,2,1,0.0,7
8,2046,4,4,2046,834,3,2046,5,2008,3,2008.0,2008,4,2,1,464.0,7
7,1390,4,4,1390,545,2,1390,4,2003,2,2003.0,2003,0,2,1,0.0,7
6,1877,3,3,1084,488,2,1084,3,1974,1,1974.0,1974,3,2,0,0.0,8
6,1988,4,4,1104,480,2,1104,3,1966,2,1966.0,1999,4,2,0,410.0,9
5,1211,3,3,952,322,1,1211,3,1968,1,1968.0,1968,3,1,0,0.0,5
4,864,3,3,864,528,2,864,3,1971,1,1974.0,1971,0,1,1,0.0,5
5,925,3,3,923,390,1,925,3,1955,1,1955.0,1955,3,1,0,0.0,5
